TN,FP,FN,TP,accuracy,precision,recall,f1,valid_rows
470,131,209,352,0.7074010327022375,0.7287784679089027,0.6274509803921569,0.6743295019157088,1162
