u,v,Kc_base,Kc_new,delta,pred,deriv_mean,is_braess,correct
0,4,1.3200000000000633,3.3000000000000362,1.979999999999973,True,0.1768836633451062,True,True
