u,v,Kc_base,Kc_new,delta,pred,deriv_mean,is_braess,correct
9,14,0.4900000000000626,0.5000000000000626,0.010000000000000009,True,0.02926054382773624,True,True
