u,v,Kc_base,Kc_new,delta,pred,deriv_mean,is_braess,correct
0,5,1.3000000000000633,1.3500000000000634,0.050000000000000044,False,-0.15803537842395032,True,False
