node_index,omega_original,omega_centered
0,0.2,0.17500000000000002
1,-0.3,-0.325
2,1.2,1.175
3,-0.8,-0.8250000000000001
4,0.4,0.375
5,-0.6,-0.625
6,0.9,0.875
7,-0.2,-0.225
8,0.7,0.6749999999999999
9,-1.0,-1.025
10,0.5,0.475
11,-0.7,-0.725
