node_index,omega_original,omega_centered
0,0.5,0.42000000000000004
1,-0.3,-0.38
2,1.2,1.1199999999999999
3,-0.8,-0.88
4,0.4,0.32000000000000006
5,-0.6,-0.6799999999999999
6,0.9,0.8200000000000001
7,-0.2,-0.28
8,0.7,0.62
9,-1.0,-1.08
