u,v,Kc_base,Kc_new,delta,pred,deriv_mean,is_braess,correct
12,15,2.7600000000000477,2.7800000000000473,0.019999999999999574,False,-0.009487757039925326,True,False
